Name,CMP Rs.,P/E,Mar Cap Rs.Cr.,Div Yld %,NP Qtr Rs.Cr.,Qtr Profit Var %,Sales Qtr Rs.Cr.,Qtr Sales Var %,ROCE %,CMP / BV,EPS 12M Rs.,ROE %,Debt / Eq,Ind PE,PEG,Date
Sun Pharma.Inds.,1520.00,38.96,364747.05,0.76,2560.54,19.23,12380.70,10.14,16.44,6.09,37.12,16.55,0.03,35.95,1.48,2024-05-08
O N G C,276.80,7.60,348349.45,4.06,10748.46,-9.91,165569.06,-2.15,13.92,1.12,33.34,14.13,0.46,16.15,0.65,2024-05-08
Wipro,462.90,21.93,242201.58,0.22,2858.20,-7.80,22208.30,-4.23,17.15,3.25,21.14,14.51,0.22,30.21,5.26,2024-05-08
UltraTech Cem.,9517.95,38.91,274617.57,0.40,2258.58,38.68,20418.94,9.41,15.26,4.56,242.65,12.32,0.19,29.92,1.61,2024-05-08
Titan Company,3259.85,82.65,288932.39,0.31,771.00,5.62,12494.00,20.60,22.70,30.81,39.38,32.91,1.65,24.57,4.09,2024-05-08
Tech Mahindra,1287.00,53.33,125738.71,2.49,664.20,-40.86,12871.30,-6.17,11.89,4.71,24.14,8.64,0.10,30.21,-4.75,2024-05-08
Tata Steel,166.05,107.21,207352.09,2.17,522.14,139.90,55311.88,-3.10,12.63,2.29,-2.74,7.28,1.01,18.29,40.00,2024-05-08
Tata Motors,1012.10,18.41,371002.23,0.20,7145.43,139.98,110577.14,24.96,5.95,6.27,58.40,5.62,2.38,32.36,-0.92,2024-05-08
Tata Consumer,1112.65,77.16,106031.63,0.76,212.26,24.51,3926.94,8.52,10.86,6.61,12.07,8.50,0.22,32.25,2.81,2024-05-08
St Bk of India,810.80,10.52,723562.42,1.39,11598.46,3.87,112868.34,23.33,5.20,2.02,71.48,16.75,13.90,10.11,0.14,2024-05-08
Shriram Finance,2450.15,12.48,91965.74,1.43,2021.28,56.30,9904.30,24.33,11.23,1.88,196.02,15.93,3.99,20.36,0.53,2024-05-08
SBI Life Insuran,1431.40,75.58,143132.62,0.19,810.80,4.37,36255.19,70.25,14.88,9.61,18.91,13.56,0.00,41.82,8.75,2024-05-08
Reliance Industr,2837.10,27.56,1918809.25,0.32,21243.00,-1.34,236533.00,11.13,10.02,2.42,102.90,9.23,0.44,8.15,2.31,2024-05-08
Power Grid Corpn,301.90,17.85,280785.23,3.66,4028.25,10.50,11549.79,2.56,13.09,3.23,16.91,19.56,1.38,28.01,0.69,2024-05-08
Nestle India,2538.45,76.75,244756.24,0.66,934.17,25.79,5267.59,9.05,152.52,73.25,33.15,122.11,0.10,58.94,5.76,2024-05-08
NTPC,355.65,17.69,344960.73,2.04,5208.87,7.93,42820.38,-3.99,9.83,2.24,20.11,12.02,1.45,28.01,1.90,2024-05-08
Maruti Suzuki,12543.55,29.23,394275.18,0.72,3952.30,47.05,38471.20,19.43,23.68,4.61,429.01,18.30,0.00,65.14,1.65,2024-05-08
M & M,2185.90,24.42,271847.77,0.74,2977.04,14.07,35299.39,15.28,12.69,4.50,89.67,18.11,1.65,65.14,2.45,2024-05-08
Larsen & Toubro,3486.85,37.84,478621.19,0.69,3592.84,18.61,55127.82,18.84,11.60,6.11,90.99,11.69,1.56,40.68,12.57,2024-05-08
LTIMindtree,4710.00,30.45,139506.30,1.27,1100.70,-1.24,8892.90,2.32,32.11,6.96,154.72,25.03,0.10,30.21,1.23,2024-05-08
Kotak Mah. Bank,1648.35,17.99,327599.23,0.09,5337.20,16.88,15156.18,26.50,8.75,2.93,91.62,16.29,3.75,11.60,0.88,2024-05-08
JSW Steel,861.00,19.47,210651.87,0.39,2450.00,409.49,41940.00,7.17,8.33,2.85,45.99,5.64,1.11,18.29,-1.92,2024-05-08
Infosys,1430.00,22.81,593656.45,2.65,7975.00,30.04,37923.00,1.29,39.99,6.73,63.20,31.83,0.09,30.21,2.03,2024-05-08
IndusInd Bank,1447.10,12.58,112632.26,0.97,2346.84,15.01,12198.53,21.73,8.42,2.06,114.99,16.39,7.06,11.60,0.57,2024-05-08
ITC,441.00,26.90,550513.71,2.89,5406.52,6.65,18019.37,1.78,39.01,7.96,16.47,29.09,0.00,24.02,2.30,2024-05-08
ICICI Bank,1123.00,17.83,789156.42,0.71,12200.05,18.46,42606.72,23.72,8.37,3.66,63.02,20.63,6.53,11.60,0.30,2024-05-08
Hind. Unilever,2341.05,53.54,550004.83,1.79,2561.00,-1.59,15210.00,-0.03,27.24,10.74,43.74,20.24,0.03,59.45,5.05,2024-05-08
Hindalco Inds.,634.30,15.20,142586.93,0.47,2331.00,71.15,52808.00,-0.65,11.34,1.43,41.79,11.67,0.59,23.38,0.95,2024-05-08
Hero Motocorp,4624.35,23.94,92426.24,2.17,943.46,16.13,9616.68,14.02,29.77,5.22,187.31,22.47,0.03,58.27,8.34,2024-05-08
HDFC Life Insur.,550.45,75.23,118420.16,0.36,411.64,13.72,28041.28,34.44,6.61,8.07,7.32,11.38,0.06,41.82,12.71,2024-05-08
HDFC Bank,1482.65,17.58,1126169.03,1.32,18012.87,39.92,79433.61,67.06,9.50,2.86,84.33,22.13,7.39,11.60,0.75,2024-05-08
HCL Technologies,1314.00,22.72,356642.59,3.96,3995.00,0.13,28499.00,7.11,29.84,5.22,57.86,23.49,0.08,30.21,2.40,2024-05-08
Grasim Inds,2373.05,28.25,158851.89,0.42,2603.43,-39.80,31965.48,11.62,9.97,1.95,82.64,8.85,1.47,28.25,1.46,2024-05-08
Eicher Motors,4598.05,32.83,125939.42,0.80,995.97,34.44,4178.84,12.30,27.35,7.91,140.20,21.12,0.03,58.27,3.98,2024-05-08
Dr Reddy's Labs,6050.00,18.09,100900.06,0.66,1309.80,36.42,7113.80,12.65,26.86,3.58,334.37,21.64,0.07,35.95,0.73,2024-05-08
Divi's Lab.,3930.00,75.43,104319.81,0.76,358.00,16.99,1855.00,8.61,19.36,8.23,52.10,14.89,0.00,33.38,4.82,2024-05-08
Coal India,464.40,7.66,286259.88,5.22,8640.45,25.78,37410.39,-1.94,65.11,3.46,60.69,53.39,0.08,16.92,0.47,2024-05-08
Cipla,1383.40,28.27,111638.69,0.61,1068.41,49.26,6603.81,13.66,18.02,4.50,45.93,12.84,0.04,35.95,1.75,2024-05-08
Britannia Inds.,5224.50,58.94,125909.78,1.38,536.61,-3.76,4069.36,1.15,48.92,31.93,88.84,57.15,0.52,58.94,4.50,2024-05-08
Bharti Airtel,1287.00,67.20,766299.39,0.31,2876.40,34.27,37899.50,5.85,12.30,9.34,15.01,12.05,2.81,45.74,1.41,2024-05-08
B P C L,620.30,4.42,134614.43,3.39,3181.42,76.61,115499.14,-3.08,6.86,1.90,133.41,6.34,0.79,8.15,-0.25,2024-05-08
Bajaj Finserv,1603.05,31.40,255875.73,0.06,4084.93,19.76,32040.84,35.62,11.65,4.24,51.07,15.27,4.79,20.36,1.54,2024-05-08
Bajaj Finance,6799.45,29.12,420886.52,0.53,3824.53,21.11,14926.21,31.35,11.87,5.49,233.46,22.05,3.82,20.36,0.99,2024-05-08
Bajaj Auto,8747.40,31.68,244190.00,0.91,2011.43,17.99,11554.95,29.41,33.47,8.43,276.10,26.43,0.07,150.30,2.98,2024-05-08
Axis Bank,1128.85,13.21,348603.17,0.09,7630.07,53.87,30230.58,22.74,7.53,2.68,85.49,20.33,8.88,11.60,0.34,2024-05-08
Asian Paints,2844.25,50.04,272955.70,0.90,1475.16,34.96,9103.09,5.40,34.37,16.48,56.69,27.74,0.14,46.04,3.30,2024-05-08
Apollo Hospitals,5860.00,106.94,84279.23,0.26,254.40,59.80,4850.60,13.77,14.50,12.95,54.89,13.71,0.75,40.06,1.59,2024-05-08
Adani Ports,1276.85,32.83,275913.76,0.47,2014.77,2.53,6896.50,18.97,12.92,5.21,37.55,17.09,0.93,32.83,2.08,2024-05-08
Adani Enterp.,2860.55,88.05,326166.28,0.05,352.25,-41.62,29180.02,0.82,10.17,8.35,28.43,10.27,1.67,36.62,1.99,2024-05-08
TCS,3976.95,30.88,1439148.50,1.38,12502.00,9.15,61237.00,3.51,64.28,15.90,126.88,51.51,0.09,30.21,3.76,2024-05-08
Sun Pharma.Inds.,1494.65,38.29,358616.59,0.76,2560.54,19.23,12380.70,10.14,16.44,5.96,37.12,16.55,0.03,35.62,1.45,2024-05-09
O N G C,265.25,7.27,333691.91,4.19,10748.46,-9.91,165569.06,-2.15,13.92,1.11,33.34,14.13,0.46,16.23,0.62,2024-05-09
Wipro,455.90,21.64,238307.55,0.22,2858.20,-7.80,22208.30,-4.23,17.15,3.24,21.14,14.51,0.22,30.22,5.19,2024-05-09
UltraTech Cem.,9446.10,38.56,272706.39,0.40,2258.58,38.68,20418.94,9.41,15.26,4.57,242.65,12.32,0.19,29.95,1.60,2024-05-09
Titan Company,3245.70,82.48,288148.80,0.31,771.00,5.62,12494.00,20.60,22.70,30.72,39.38,32.91,1.65,24.65,4.08,2024-05-09
Tech Mahindra,1269.10,52.54,123965.94,2.54,664.20,-40.86,12871.30,-6.17,11.89,4.74,24.14,8.64,0.10,30.22,-4.68,2024-05-09
Tata Steel,161.90,104.57,202108.23,2.14,522.14,139.90,55311.88,-3.10,12.63,2.32,-2.74,7.28,1.01,18.14,39.02,2024-05-09
Tata Motors,1030.30,18.84,377696.59,0.20,7145.43,139.98,110577.14,24.96,5.95,6.37,58.40,5.62,2.38,32.38,-0.94,2024-05-09
Tata Consumer,1085.05,75.24,103387.40,0.77,212.26,24.51,3926.94,8.52,10.86,6.44,12.07,8.50,0.22,32.22,2.74,2024-05-09
St Bk of India,819.80,10.60,731639.75,1.37,11598.46,3.87,112868.34,23.33,5.20,2.06,71.48,16.75,13.90,10.11,0.14,2024-05-09
Shriram Finance,2360.90,12.09,88720.90,1.43,2021.28,56.30,9904.30,24.33,11.23,1.85,196.02,15.93,3.99,20.55,0.52,2024-05-09
SBI Life Insuran,1422.40,75.18,142448.45,0.19,810.80,4.37,36255.19,70.25,14.88,9.61,18.91,13.56,0.00,41.87,8.70,2024-05-09
Reliance Industr,2788.25,27.16,1886443.30,0.32,21243.00,-1.34,236533.00,11.13,10.02,2.41,102.90,9.23,0.44,8.16,2.28,2024-05-09
Power Grid Corpn,296.15,17.55,275437.37,3.65,4028.25,10.50,11549.79,2.56,13.09,3.21,16.91,19.56,1.38,28.01,0.68,2024-05-09
Nestle India,2513.45,76.00,242336.04,0.66,934.17,25.79,5267.59,9.05,152.52,72.58,33.15,122.11,0.10,58.95,5.71,2024-05-09
NTPC,346.05,17.26,335553.17,2.03,5208.87,7.93,42820.38,-3.99,9.83,2.26,20.11,12.02,1.45,28.01,1.86,2024-05-09
Maruti Suzuki,12504.65,29.15,393149.43,0.72,3952.30,47.05,38471.20,19.43,23.68,4.56,429.01,18.30,0.00,65.15,1.65,2024-05-09
M & M,2212.55,24.64,275137.00,0.74,2977.04,14.07,35299.39,15.28,12.69,4.54,89.67,18.11,1.65,65.15,2.47,2024-05-09
Larsen & Toubro,3275.45,34.52,450265.91,0.73,5013.17,8.72,67078.68,14.99,13.40,5.16,95.00,14.80,1.35,40.77,4.14,2024-05-09
LTIMindtree,4658.00,30.09,137952.87,1.28,1100.70,-1.24,8892.90,2.32,32.11,6.91,154.72,25.03,0.10,30.22,1.21,2024-05-09
Kotak Mah. Bank,1643.10,17.89,326635.31,0.09,5337.20,16.88,15156.18,26.50,8.75,2.90,91.62,16.29,3.75,11.59,0.88,2024-05-09
JSW Steel,834.55,18.85,204085.32,0.39,2450.00,409.49,41940.00,7.17,8.33,2.83,45.99,5.64,1.11,18.14,-1.86,2024-05-09
Infosys,1439.55,23.05,597538.07,2.63,7975.00,30.04,37923.00,1.29,39.99,6.74,63.20,31.83,0.09,30.22,2.05,2024-05-09
IndusInd Bank,1401.45,12.18,109082.95,0.96,2346.84,15.01,12198.53,21.73,8.42,2.09,114.99,16.39,7.06,11.59,0.55,2024-05-09
ITC,425.10,25.94,530725.55,2.93,5406.52,6.65,18019.37,1.78,39.01,7.61,16.47,29.09,0.00,23.96,2.22,2024-05-09
ICICI Bank,1115.70,17.80,783922.68,0.71,12200.05,18.46,42606.72,23.72,8.37,3.62,63.02,20.63,6.53,11.59,0.30,2024-05-09
Hind. Unilever,2325.65,53.17,546432.63,1.79,2561.00,-1.59,15210.00,-0.03,27.24,10.76,43.74,20.24,0.03,59.42,5.02,2024-05-09
Hindalco Inds.,619.40,14.80,139192.54,0.47,2331.00,71.15,52808.00,-0.65,11.34,1.43,41.79,11.67,0.59,23.41,0.93,2024-05-09
Hero Motocorp,4764.90,24.63,95265.06,2.06,943.46,16.13,9616.68,14.02,29.77,5.36,187.31,22.47,0.03,56.25,8.58,2024-05-09
HDFC Life Insur.,539.55,73.81,116054.11,0.36,411.64,13.72,28041.28,34.44,6.61,7.85,7.32,11.38,0.06,41.87,12.47,2024-05-09
HDFC Bank,1447.50,17.23,1099652.89,1.32,18012.87,39.92,79433.61,67.06,9.50,2.83,84.33,22.13,7.39,11.59,0.73,2024-05-09
HCL Technologies,1320.05,22.82,358217.37,3.89,3995.00,0.13,28499.00,7.11,29.84,5.27,57.86,23.49,0.08,30.22,2.41,2024-05-09
Grasim Inds,2353.70,28.09,157424.95,0.42,2603.43,-39.80,31965.48,11.62,9.97,1.90,82.64,8.85,1.47,28.28,1.46,2024-05-09
Eicher Motors,4568.05,32.67,125075.90,0.81,995.97,34.44,4178.84,12.30,27.35,7.88,140.20,21.12,0.03,56.25,3.96,2024-05-09
Dr Reddy's Labs,5877.35,17.52,98044.95,0.66,1309.80,36.42,7113.80,12.65,26.86,3.42,334.37,21.64,0.07,35.62,0.71,2024-05-09
Divi's Lab.,3789.95,72.68,100611.30,0.77,358.00,16.99,1855.00,8.61,19.36,7.94,52.10,14.89,0.00,33.38,4.64,2024-05-09
Coal India,443.50,7.36,273317.05,5.46,8640.45,25.78,37410.39,-1.94,65.11,3.41,60.69,53.39,0.08,16.62,0.45,2024-05-09
Cipla,1358.80,27.80,109708.82,0.61,1068.41,49.26,6603.81,13.66,18.02,4.37,45.93,12.84,0.04,35.62,1.73,2024-05-09
Britannia Inds.,5070.10,57.20,122122.69,1.38,536.61,-3.76,4069.36,1.15,48.92,30.95,88.84,57.15,0.52,58.95,4.37,2024-05-09
Bharti Airtel,1275.45,66.61,758740.35,0.31,2876.40,34.27,37899.50,5.85,12.30,9.26,15.01,12.05,2.81,45.73,1.40,2024-05-09
B P C L,592.15,4.24,128452.29,3.55,3181.42,76.61,115499.14,-3.08,6.86,1.85,133.41,6.34,0.79,8.16,-0.24,2024-05-09
Bajaj Finserv,1564.60,30.65,249630.18,0.06,4084.93,19.76,32040.84,35.62,11.65,4.13,51.07,15.27,4.79,20.55,1.50,2024-05-09
Bajaj Finance,6605.15,28.26,408856.38,0.53,3824.53,21.11,14926.21,31.35,11.87,5.32,233.46,22.05,3.82,20.55,0.96,2024-05-09
Bajaj Auto,8846.85,32.09,246986.13,0.90,2011.43,17.99,11554.95,29.41,33.47,8.59,276.10,26.43,0.07,150.14,3.02,2024-05-09
Axis Bank,1115.65,13.03,344450.43,0.09,7630.07,53.87,30230.58,22.74,7.53,2.64,85.49,20.33,8.88,11.59,0.33,2024-05-09
Asian Paints,2710.10,47.60,259865.37,0.95,1275.30,0.38,8730.76,-0.64,37.51,13.87,56.92,31.45,0.13,45.99,2.32,2024-05-09
Apollo Hospitals,5806.40,105.95,83487.18,0.26,254.40,59.80,4850.60,13.77,14.50,12.83,54.89,13.71,0.75,40.01,1.58,2024-05-09
Adani Ports,1244.55,32.04,268840.09,0.47,2014.77,2.53,6896.50,18.97,12.92,5.03,37.55,17.09,0.93,32.83,2.03,2024-05-09
Adani Enterp.,2766.65,85.10,315398.42,0.05,352.25,-41.62,29180.02,0.82,10.17,8.13,28.43,10.27,1.67,36.62,1.92,2024-05-09
TCS,3960.20,30.79,1432834.98,1.39,12502.00,9.15,61237.00,3.51,64.28,15.80,126.88,51.51,0.09,30.22,3.75,2024-05-09
Sun Pharma.Inds.,1506.55,38.64,361471.84,0.77,2560.54,19.23,12380.70,10.14,16.44,5.96,37.12,16.55,0.03,34.60,1.47,2024-05-10
O N G C,270.25,7.44,339982.08,4.13,10748.46,-9.91,165569.06,-2.15,13.92,1.09,33.34,14.13,0.46,15.73,0.64,2024-05-10
Wipro,451.85,21.35,236190.56,0.22,2858.20,-7.80,22208.30,-4.23,17.15,3.16,21.14,14.51,0.22,30.04,5.12,2024-05-10
UltraTech Cem.,9491.70,38.78,274022.83,0.40,2258.58,38.68,20418.94,9.41,15.26,4.56,242.65,12.32,0.19,29.05,1.61,2024-05-10
Titan Company,3289.85,83.56,292068.35,0.31,771.00,5.62,12494.00,20.60,22.70,31.10,39.38,32.91,1.65,24.01,4.13,2024-05-10
Tech Mahindra,1264.40,52.40,123506.76,2.52,664.20,-40.86,12871.30,-6.17,11.89,4.69,24.14,8.64,0.10,30.04,-4.67,2024-05-10
Tata Steel,162.25,104.69,202545.26,2.21,522.14,139.90,55311.88,-3.10,12.63,2.24,-2.74,7.28,1.01,17.63,39.06,2024-05-10
Tata Motors,1046.65,19.06,383656.99,0.19,7145.43,139.98,110577.14,24.96,5.95,6.43,58.40,5.62,2.38,30.89,-0.95,2024-05-10
Tata Consumer,1090.95,75.64,103949.57,0.78,212.26,24.51,3926.94,8.52,10.86,6.51,12.07,8.50,0.22,32.15,2.75,2024-05-10
St Bk of India,817.35,10.16,729453.25,1.38,22202.73,18.18,117469.38,19.77,6.68,2.05,75.17,20.12,13.90,9.88,0.10,2024-05-10
Shriram Finance,2344.35,11.99,88098.96,1.45,2021.28,56.30,9904.30,24.33,11.23,1.82,196.02,15.93,3.99,20.14,0.51,2024-05-10
SBI Life Insuran,1431.95,75.70,143404.87,0.19,810.80,4.37,36255.19,70.25,14.88,9.59,18.91,13.56,0.00,40.47,8.76,2024-05-10
Reliance Industr,2814.85,27.33,1904440.16,0.32,21243.00,-1.34,236533.00,11.13,10.02,2.43,102.90,9.23,0.44,7.87,2.29,2024-05-10
Power Grid Corpn,303.75,18.00,282505.88,3.69,4028.25,10.50,11549.79,2.56,13.09,3.19,16.91,19.56,1.38,28.04,0.70,2024-05-10
Nestle India,2524.55,76.33,243406.34,0.66,934.17,25.79,5267.59,9.05,152.52,72.88,33.15,122.11,0.10,57.16,5.73,2024-05-10
NTPC,355.50,17.66,344716.52,2.06,5208.87,7.93,42820.38,-3.99,9.83,2.26,20.11,12.02,1.45,28.04,1.90,2024-05-10
Maruti Suzuki,12675.50,29.57,398520.94,0.71,3952.30,47.05,38471.20,19.43,23.68,4.64,429.01,18.30,0.00,65.32,1.67,2024-05-10
M & M,2193.05,24.51,272712.00,0.72,2977.04,14.07,35299.39,15.28,12.69,4.49,89.67,18.11,1.65,65.32,2.46,2024-05-10
Larsen & Toubro,3271.45,34.63,449716.00,0.85,5013.17,8.72,67078.68,14.99,13.40,5.18,95.00,14.80,1.35,39.60,4.16,2024-05-10
LTIMindtree,4600.00,29.74,136235.21,1.31,1100.70,-1.24,8892.90,2.32,32.11,6.86,154.72,25.03,0.10,30.04,1.20,2024-05-10
Kotak Mah. Bank,1627.95,17.76,323623.59,0.09,5337.20,16.88,15156.18,26.50,8.75,2.95,91.62,16.29,3.75,11.33,0.87,2024-05-10
JSW Steel,853.60,19.25,208743.94,0.41,2450.00,409.49,41940.00,7.17,8.33,2.82,45.99,5.64,1.11,17.63,-1.90,2024-05-10
Infosys,1424.90,22.74,591457.05,2.69,7975.00,30.04,37923.00,1.29,39.99,6.70,63.20,31.83,0.09,30.04,2.02,2024-05-10
IndusInd Bank,1410.15,12.28,109760.11,1.00,2346.84,15.01,12198.53,21.73,8.42,2.04,114.99,16.39,7.06,11.33,0.56,2024-05-10
ITC,433.35,26.46,541025.42,3.01,5406.52,6.65,18019.37,1.78,39.01,7.88,16.47,29.09,0.00,23.96,2.26,2024-05-10
ICICI Bank,1117.05,17.74,784871.18,0.71,12200.05,18.46,42606.72,23.72,8.37,3.60,63.02,20.63,6.53,11.33,0.30,2024-05-10
Hind. Unilever,2362.55,54.07,555102.71,1.79,2561.00,-1.59,15210.00,-0.03,27.24,10.90,43.74,20.24,0.03,58.56,5.10,2024-05-10
Hindalco Inds.,625.60,14.96,140585.83,0.48,2331.00,71.15,52808.00,-0.65,11.34,1.40,41.79,11.67,0.59,23.26,0.94,2024-05-10
Hero Motocorp,4877.40,25.19,97514.39,2.01,943.46,16.13,9616.68,14.02,29.77,5.51,187.31,22.47,0.03,58.14,8.78,2024-05-10
HDFC Life Insur.,549.25,74.98,118140.59,0.37,411.64,13.72,28041.28,34.44,6.61,7.92,7.32,11.38,0.06,40.47,12.67,2024-05-10
HDFC Bank,1437.90,17.06,1092359.72,1.36,18012.87,39.92,79433.61,67.06,9.50,2.78,84.33,22.13,7.39,11.33,0.73,2024-05-10
HCL Technologies,1316.20,22.68,357172.59,3.97,3995.00,0.13,28499.00,7.11,29.84,5.20,57.86,23.49,0.08,30.04,2.40,2024-05-10
Grasim Inds,2377.15,28.21,158943.62,0.42,2603.43,-39.80,31965.48,11.62,9.97,1.91,82.64,8.85,1.47,27.98,1.46,2024-05-10
Eicher Motors,4657.85,33.21,127534.55,0.81,995.97,34.44,4178.84,12.30,27.35,8.01,140.20,21.12,0.03,58.14,4.03,2024-05-10
Dr Reddy's Labs,5921.00,17.72,98773.07,0.68,1309.80,36.42,7113.80,12.65,26.86,3.53,334.37,21.64,0.07,34.60,0.72,2024-05-10
Divi's Lab.,3793.50,72.87,100705.52,0.79,358.00,16.99,1855.00,8.61,19.36,7.95,52.10,14.89,0.00,32.14,4.65,2024-05-10
Coal India,449.40,7.49,276953.03,5.32,8640.45,25.78,37410.39,-1.94,65.11,3.35,60.69,53.39,0.08,16.97,0.46,2024-05-10
Cipla,1339.55,27.41,108154.59,0.65,1068.41,49.26,6603.81,13.66,18.02,4.37,45.93,12.84,0.04,34.60,1.70,2024-05-10
Britannia Inds.,5066.80,57.15,122043.21,1.44,536.61,-3.76,4069.36,1.15,48.92,30.92,88.84,57.15,0.52,57.16,4.37,2024-05-10
Bharti Airtel,1301.15,67.83,773623.99,0.31,2876.40,34.27,37899.50,5.85,12.30,9.44,15.01,12.05,2.81,44.48,1.43,2024-05-10
B P C L,618.00,4.91,134059.80,3.38,4789.57,-36.39,116554.73,-1.32,32.09,1.74,123.82,41.90,0.72,7.87,0.17,2024-05-10
Bajaj Finserv,1572.70,30.79,250922.52,0.06,4084.93,19.76,32040.84,35.62,11.65,4.19,51.07,15.27,4.79,20.14,1.51,2024-05-10
Bajaj Finance,6684.15,28.56,413746.37,0.55,3824.53,21.11,14926.21,31.35,11.87,5.35,233.46,22.05,3.82,20.14,0.97,2024-05-10
Bajaj Auto,8981.80,32.36,250753.62,0.89,2011.43,17.99,11554.95,29.41,33.47,8.73,276.10,26.43,0.07,146.60,3.04,2024-05-10
Axis Bank,1120.10,13.08,345824.32,0.09,7630.07,53.87,30230.58,22.74,7.53,2.70,85.49,20.33,8.88,11.33,0.33,2024-05-10
Asian Paints,2771.25,48.78,265817.62,0.93,1275.30,0.38,8730.76,-0.64,37.51,14.29,56.92,31.45,0.13,45.52,2.38,2024-05-10
Apollo Hospitals,5842.45,106.65,84005.52,0.26,254.40,59.80,4850.60,13.77,14.50,12.92,54.89,13.71,0.75,39.67,1.59,2024-05-10
Adani Ports,1266.75,32.54,273635.67,0.47,2014.77,2.53,6896.50,18.97,12.92,5.11,37.55,17.09,0.93,31.99,2.07,2024-05-10
Adani Enterp.,2797.25,86.02,318886.81,0.05,352.25,-41.62,29180.02,0.82,10.17,8.19,28.43,10.27,1.67,35.46,1.94,2024-05-10
TCS,3893.90,30.32,1408847.11,1.39,12502.00,9.15,61237.00,3.51,64.28,15.60,126.88,51.51,0.09,30.04,3.69,2024-05-10
Sun Pharma.Inds.,1530.00,39.22,367171.37,0.75,2560.54,19.23,12380.70,10.14,16.44,6.14,37.12,16.55,0.03,34.68,1.49,2024-05-13
O N G C,266.85,7.32,335829.03,4.22,10748.46,-9.91,165569.06,-2.15,13.92,1.08,33.34,14.13,0.46,16.67,0.63,2024-05-13
Wipro,451.95,21.40,236321.32,0.22,2858.20,-7.80,22208.30,-4.23,17.15,3.17,21.14,14.51,0.22,29.87,5.13,2024-05-13
UltraTech Cem.,9551.50,39.06,275654.85,0.40,2258.58,38.68,20418.94,9.41,15.26,4.58,242.65,12.32,0.19,29.16,1.62,2024-05-13
Titan Company,3253.65,82.59,288744.83,0.31,771.00,5.62,12494.00,20.60,22.70,30.75,39.38,32.91,1.65,24.62,4.08,2024-05-13
Tech Mahindra,1262.05,52.26,123209.06,2.54,664.20,-40.86,12871.30,-6.17,11.89,4.62,24.14,8.64,0.10,29.87,-4.65,2024-05-13
Tata Steel,163.85,105.70,204416.61,2.20,522.14,139.90,55311.88,-3.10,12.63,2.26,-2.74,7.28,1.01,16.52,39.44,2024-05-13
Tata Motors,959.75,10.93,351871.54,0.21,17528.59,213.80,119986.31,13.27,20.11,3.76,94.47,49.44,1.26,30.86,0.12,2024-05-13
Tata Consumer,1096.95,76.09,104569.14,0.77,212.26,24.51,3926.94,8.52,10.86,6.51,12.07,8.50,0.22,33.28,2.77,2024-05-13
St Bk of India,808.80,9.99,720940.57,1.69,22202.73,18.18,117469.38,19.77,6.68,2.01,75.17,20.12,13.90,9.62,0.10,2024-05-13
Shriram Finance,2307.60,11.77,86666.20,1.52,2021.28,56.30,9904.30,24.33,11.23,1.77,196.02,15.93,3.99,20.00,0.50,2024-05-13
SBI Life Insuran,1425.10,75.35,142698.92,0.19,810.80,4.37,36255.19,70.25,14.88,9.57,18.91,13.56,0.00,40.84,8.72,2024-05-13
Reliance Industr,2805.40,27.26,1897844.32,0.32,21243.00,-1.34,236533.00,11.13,10.02,2.39,102.90,9.23,0.44,7.81,2.29,2024-05-13
Power Grid Corpn,306.55,18.12,284969.28,3.61,4028.25,10.50,11549.79,2.56,13.09,3.28,16.91,19.56,1.38,27.39,0.70,2024-05-13
Nestle India,2516.25,76.09,242649.15,0.66,934.17,25.79,5267.59,9.05,152.52,72.62,33.15,122.11,0.10,57.13,5.71,2024-05-13
NTPC,350.90,17.44,340064.70,2.07,5208.87,7.93,42820.38,-3.99,9.83,2.21,20.11,12.02,1.45,27.39,1.88,2024-05-13
Maruti Suzuki,12673.85,29.54,398443.96,0.71,3952.30,47.05,38471.20,19.43,23.68,4.65,429.01,18.30,0.00,63.01,1.67,2024-05-13
M & M,2188.25,24.45,272158.63,0.74,2977.04,14.07,35299.39,15.28,12.69,4.50,89.67,18.11,1.65,63.01,2.45,2024-05-13
Larsen & Toubro,3293.85,34.83,452809.07,0.85,5013.17,8.72,67078.68,14.99,13.40,5.24,95.00,14.80,1.35,39.75,4.18,2024-05-13
LTIMindtree,4595.40,29.70,136078.23,1.31,1100.70,-1.24,8892.90,2.32,32.11,6.80,154.72,25.03,0.10,29.87,1.20,2024-05-13
Kotak Mah. Bank,1641.20,17.89,325747.33,0.09,5337.20,16.88,15156.18,26.50,8.75,2.92,91.62,16.29,3.75,11.34,0.88,2024-05-13
JSW Steel,860.60,19.44,210406.47,0.40,2450.00,409.49,41940.00,7.17,8.33,2.85,45.99,5.64,1.11,16.52,-1.92,2024-05-13
Infosys,1423.45,22.70,590751.58,2.67,7975.00,30.04,37923.00,1.29,39.99,6.71,63.20,31.83,0.09,29.87,2.02,2024-05-13
IndusInd Bank,1404.55,12.22,109366.89,1.00,2346.84,15.01,12198.53,21.73,8.42,2.00,114.99,16.39,7.06,11.34,0.55,2024-05-13
ITC,431.85,26.36,539339.38,2.95,5406.52,6.65,18019.37,1.78,39.01,7.80,16.47,29.09,0.00,24.04,2.25,2024-05-13
ICICI Bank,1128.00,17.91,792813.38,0.71,12200.05,18.46,42606.72,23.72,8.37,3.67,63.02,20.63,6.53,11.34,0.30,2024-05-13
Hind. Unilever,2360.65,54.12,555938.71,1.78,2561.00,-1.59,15210.00,-0.03,27.24,10.83,43.74,20.24,0.03,58.45,5.11,2024-05-13
Hindalco Inds.,633.40,15.18,142327.32,0.47,2331.00,71.15,52808.00,-0.65,11.34,1.43,41.79,11.67,0.59,23.08,0.95,2024-05-13
Hero Motocorp,4885.00,25.31,97669.35,2.05,943.46,16.13,9616.68,14.02,29.77,5.52,187.31,22.47,0.03,58.14,8.82,2024-05-13
HDFC Life Insur.,562.45,76.78,120858.67,0.36,411.64,13.72,28041.28,34.44,6.61,8.25,7.32,11.38,0.06,40.84,12.97,2024-05-13
HDFC Bank,1455.25,17.26,1105771.13,1.34,18012.87,39.92,79433.61,67.06,9.50,2.81,84.33,22.13,7.39,11.34,0.74,2024-05-13
HCL Technologies,1312.90,22.69,356263.56,3.96,3995.00,0.13,28499.00,7.11,29.84,5.22,57.86,23.49,0.08,29.87,2.40,2024-05-13
Grasim Inds,2383.90,28.36,159487.55,0.42,2603.43,-39.80,31965.48,11.62,9.97,1.95,82.64,8.85,1.47,28.26,1.47,2024-05-13
Eicher Motors,4657.45,31.87,127529.08,0.79,1070.45,18.21,4256.04,11.87,31.13,7.07,146.13,24.22,0.02,58.14,2.52,2024-05-13
Dr Reddy's Labs,5913.95,17.70,98725.53,0.68,1309.80,36.42,7113.80,12.65,26.86,3.49,334.37,21.64,0.07,34.68,0.72,2024-05-13
Divi's Lab.,3906.45,75.01,103746.36,0.77,358.00,16.99,1855.00,8.61,19.36,8.18,52.10,14.89,0.00,33.10,4.79,2024-05-13
Coal India,444.00,7.32,273625.14,5.46,8640.45,25.78,37410.39,-1.94,65.11,3.31,60.69,53.39,0.08,18.38,0.45,2024-05-13
Cipla,1414.65,26.83,114226.65,0.60,931.87,48.80,6163.24,7.39,23.08,4.28,51.05,16.99,0.02,34.68,1.06,2024-05-13
Britannia Inds.,5144.00,57.98,123858.65,1.40,536.61,-3.76,4069.36,1.15,48.92,31.43,88.84,57.15,0.52,57.13,4.43,2024-05-13
Bharti Airtel,1285.95,67.04,764510.49,0.31,2876.40,34.27,37899.50,5.85,12.30,9.34,15.01,12.05,2.81,42.17,1.41,2024-05-13
B P C L,606.90,4.87,131662.59,3.46,4789.57,-36.39,116554.73,-1.32,32.09,1.74,123.82,41.90,0.72,7.81,0.17,2024-05-13
Bajaj Finserv,1576.70,30.86,251472.78,0.06,4084.93,19.76,32040.84,35.62,11.65,4.17,51.07,15.27,4.79,20.00,1.51,2024-05-13
Bajaj Finance,6715.40,28.76,415609.29,0.54,3824.53,21.11,14926.21,31.35,11.87,5.42,233.46,22.05,3.82,20.00,0.98,2024-05-13
Bajaj Auto,8992.30,32.56,251009.08,0.89,2011.43,17.99,11554.95,29.41,33.47,8.67,276.10,26.43,0.07,148.44,3.06,2024-05-13
Axis Bank,1133.00,13.26,349869.64,0.09,7630.07,53.87,30230.58,22.74,7.53,2.68,85.49,20.33,8.88,11.34,0.34,2024-05-13
Asian Paints,2879.25,50.55,276022.64,1.16,1275.30,0.38,8730.76,-0.64,37.51,14.75,56.92,31.45,0.13,44.85,2.46,2024-05-13
Apollo Hospitals,5833.30,106.57,83993.95,0.26,254.40,59.80,4850.60,13.77,14.50,12.89,54.89,13.71,0.75,43.46,1.59,2024-05-13
Adani Ports,1306.40,33.59,282278.54,0.46,2014.77,2.53,6896.50,18.97,12.92,5.33,37.55,17.09,0.93,32.56,2.13,2024-05-13
Adani Enterp.,2879.60,88.56,328046.03,0.05,352.25,-41.62,29180.02,0.82,10.17,8.40,28.43,10.27,1.67,36.15,2.00,2024-05-13
TCS,3947.80,30.64,1427633.66,1.39,12502.00,9.15,61237.00,3.51,64.28,15.78,126.88,51.51,0.09,29.87,3.73,2024-05-13
Sun Pharma.Inds.,1545.25,39.58,370562.85,0.74,2560.54,19.23,12380.70,10.14,16.44,6.20,37.12,16.55,0.03,34.89,1.50,2024-05-14
O N G C,273.05,7.49,343568.88,4.12,10748.46,-9.91,165569.06,-2.15,13.92,1.11,33.34,14.13,0.46,16.40,0.64,2024-05-14
Wipro,456.35,21.59,238479.64,0.22,2858.20,-7.80,22208.30,-4.23,17.15,3.20,21.14,14.51,0.22,29.83,5.18,2024-05-14
UltraTech Cem.,9669.00,39.54,279064.01,0.39,2258.58,38.68,20418.94,9.41,15.26,4.63,242.65,12.32,0.19,29.07,1.64,2024-05-14
Titan Company,3289.10,83.52,291952.39,0.30,771.00,5.62,12494.00,20.60,22.70,31.09,39.38,32.91,1.65,25.44,4.13,2024-05-14
Tech Mahindra,1275.45,52.84,124587.15,2.51,664.20,-40.86,12871.30,-6.17,11.89,4.67,24.14,8.64,0.10,29.83,-4.71,2024-05-14
Tata Steel,164.95,106.47,205915.78,2.18,522.14,139.90,55311.88,-3.10,12.63,2.27,-2.74,7.28,1.01,16.26,39.73,2024-05-14
Tata Motors,964.70,10.99,353713.08,0.21,17528.59,213.80,119986.31,13.27,20.11,3.78,94.47,49.44,1.26,29.87,0.12,2024-05-14
Tata Consumer,1087.30,75.43,103648.97,0.78,212.26,24.51,3926.94,8.52,10.86,6.45,12.07,8.50,0.22,30.58,2.74,2024-05-14
St Bk of India,818.15,10.11,730121.99,1.67,22202.73,18.18,117469.38,19.77,6.68,2.03,75.17,20.12,13.90,9.46,0.10,2024-05-14
Shriram Finance,2329.70,11.89,87582.69,1.50,2021.28,56.30,9904.30,24.33,11.23,1.79,196.02,15.93,3.99,19.95,0.51,2024-05-14
SBI Life Insuran,1433.55,75.84,143565.05,0.19,810.80,4.37,36255.19,70.25,14.88,9.59,18.91,13.56,0.00,41.02,8.78,2024-05-14
Reliance Industr,2839.80,27.60,1921389.04,0.32,21243.00,-1.34,236533.00,11.13,10.02,2.42,102.90,9.23,0.44,7.67,2.32,2024-05-14
Power Grid Corpn,309.50,18.30,287947.62,3.58,4028.25,10.50,11549.79,2.56,13.09,3.31,16.91,19.56,1.38,29.73,0.71,2024-05-14
Nestle India,2489.25,75.28,240064.84,0.67,934.17,25.79,5267.59,9.05,152.52,71.83,33.15,122.11,0.10,57.85,5.65,2024-05-14
NTPC,356.00,17.70,345201.31,2.04,5208.87,7.93,42820.38,-3.99,9.83,2.25,20.11,12.02,1.45,29.73,1.91,2024-05-14
Maruti Suzuki,12805.00,29.86,402743.44,0.70,3952.30,47.05,38471.20,19.43,23.68,4.70,429.01,18.30,0.00,60.61,1.69,2024-05-14
M & M,2270.55,25.32,281833.31,0.72,2977.04,14.07,35299.39,15.28,12.69,4.67,89.67,18.11,1.65,60.61,2.54,2024-05-14
Larsen & Toubro,3378.80,35.71,464310.92,0.83,5013.17,8.72,67078.68,14.99,13.40,5.38,95.00,14.80,1.35,38.93,4.29,2024-05-14
LTIMindtree,4630.00,29.94,137123.62,1.31,1100.70,-1.24,8892.90,2.32,32.11,6.93,154.72,25.03,0.10,29.83,1.21,2024-05-14
Kotak Mah. Bank,1646.60,17.97,327341.03,0.09,5337.20,16.88,15156.18,26.50,8.75,2.92,91.62,16.29,3.75,11.62,0.88,2024-05-14
JSW Steel,880.60,19.91,215471.86,0.39,2450.00,409.49,41940.00,7.17,8.33,2.91,45.99,5.64,1.11,16.26,-1.97,2024-05-14
Infosys,1424.85,22.73,591519.46,2.67,7975.00,30.04,37923.00,1.29,39.99,6.71,63.20,31.83,0.09,29.83,2.02,2024-05-14
IndusInd Bank,1422.15,12.37,110725.68,0.99,2346.84,15.01,12198.53,21.73,8.42,2.02,114.99,16.39,7.06,11.62,0.56,2024-05-14
ITC,429.70,26.22,536468.48,2.97,5406.52,6.65,18019.37,1.78,39.01,7.76,16.47,29.09,0.00,23.74,2.24,2024-05-14
ICICI Bank,1120.95,17.81,787925.77,0.71,12200.05,18.46,42606.72,23.72,8.37,3.65,63.02,20.63,6.53,11.62,0.30,2024-05-14
Hind. Unilever,2354.00,53.85,553175.79,1.79,2561.00,-1.59,15210.00,-0.03,27.24,10.80,43.74,20.24,0.03,59.46,5.08,2024-05-14
Hindalco Inds.,645.80,15.48,145148.16,0.46,2331.00,71.15,52808.00,-0.65,11.34,1.46,41.79,11.67,0.59,24.40,0.97,2024-05-14
Hero Motocorp,5041.90,26.10,100753.77,1.98,943.46,16.13,9616.68,14.02,29.77,5.70,187.31,22.47,0.03,58.28,9.09,2024-05-14
HDFC Life Insur.,561.70,76.70,120818.73,0.36,411.64,13.72,28041.28,34.44,6.61,8.29,7.32,11.38,0.06,41.02,12.96,2024-05-14
HDFC Bank,1461.80,17.33,1110096.84,1.33,18012.87,39.92,79433.61,67.06,9.50,2.82,84.33,22.13,7.39,11.62,0.74,2024-05-14
HCL Technologies,1319.95,22.82,358285.74,3.94,3995.00,0.13,28499.00,7.11,29.84,5.25,57.86,23.49,0.08,29.83,2.41,2024-05-14
Grasim Inds,2370.75,28.20,158599.41,0.42,2603.43,-39.80,31965.48,11.62,9.97,1.94,82.64,8.85,1.47,28.36,1.46,2024-05-14
Eicher Motors,4726.15,32.36,129467.19,0.78,1070.45,18.21,4256.04,11.87,31.13,7.17,146.13,24.22,0.02,58.28,2.55,2024-05-14
Dr Reddy's Labs,5861.00,17.50,97606.99,0.68,1309.80,36.42,7113.80,12.65,26.86,3.46,334.37,21.64,0.07,34.89,0.71,2024-05-14
Divi's Lab.,3891.40,74.64,103226.59,0.77,358.00,16.99,1855.00,8.61,19.36,8.15,52.10,14.89,0.00,32.36,4.77,2024-05-14
Coal India,448.60,7.40,276459.99,5.40,8640.45,25.78,37410.39,-1.94,65.11,3.34,60.69,53.39,0.08,18.48,0.45,2024-05-14
Cipla,1356.95,25.73,109547.85,0.63,931.87,48.80,6163.24,7.39,23.08,4.10,51.05,16.99,0.02,34.89,1.01,2024-05-14
Britannia Inds.,5127.25,57.75,123375.35,1.40,536.61,-3.76,4069.36,1.15,48.92,31.34,88.84,57.15,0.52,57.85,4.41,2024-05-14
Bharti Airtel,1285.40,67.01,764128.07,0.31,2876.40,34.27,37899.50,5.85,12.30,9.33,15.01,12.05,2.81,41.96,1.41,2024-05-14
B P C L,605.70,4.86,131413.29,3.47,4789.57,-36.39,116554.73,-1.32,32.09,1.74,123.82,41.90,0.72,7.67,0.17,2024-05-14
Bajaj Finserv,1579.00,30.91,251879.87,0.06,4084.93,19.76,32040.84,35.62,11.65,4.18,51.07,15.27,4.79,19.95,1.51,2024-05-14
Bajaj Finance,6680.00,28.63,413695.81,0.54,3824.53,21.11,14926.21,31.35,11.87,5.39,233.46,22.05,3.82,19.95,0.98,2024-05-14
Bajaj Auto,9068.10,32.84,253119.36,0.88,2011.43,17.99,11554.95,29.41,33.47,8.74,276.10,26.43,0.07,145.58,3.09,2024-05-14
Axis Bank,1124.15,13.13,346203.16,0.09,7630.07,53.87,30230.58,22.74,7.53,2.66,85.49,20.33,8.88,11.62,0.34,2024-05-14
Asian Paints,2866.80,50.37,275016.25,1.16,1275.30,0.38,8730.76,-0.64,37.51,14.68,56.92,31.45,0.13,45.37,2.45,2024-05-14
Apollo Hospitals,5863.50,106.94,84284.28,0.26,254.40,59.80,4850.60,13.77,14.50,12.95,54.89,13.71,0.75,40.90,1.59,2024-05-14
Adani Ports,1331.00,34.21,287525.49,0.45,2014.77,2.53,6896.50,18.97,12.92,5.43,37.55,17.09,0.93,33.58,2.17,2024-05-14
Adani Enterp.,3037.05,93.43,346115.86,0.04,352.25,-41.62,29180.02,0.82,10.17,8.86,28.43,10.27,1.67,35.76,2.11,2024-05-14
TCS,3901.95,30.31,1412117.36,1.41,12502.00,9.15,61237.00,3.51,64.28,15.60,126.88,51.51,0.09,29.83,3.69,2024-05-14
Sun Pharma.Inds.,1479.90,35.44,355077.60,0.77,2658.74,28.70,11982.90,9.63,17.31,5.60,39.91,16.72,0.05,35.65,1.51,2024-05-27
O N G C,277.80,6.99,349480.17,4.10,11526.53,28.88,166770.63,1.65,18.44,1.06,39.13,16.28,0.45,19.67,0.71,2024-05-27
Wipro,454.10,21.48,237406.79,0.22,2858.20,-7.80,22208.30,-4.23,17.15,3.18,21.14,14.51,0.22,29.93,5.15,2024-05-27
UltraTech Cem.,10268.90,42.00,296460.40,0.36,2258.58,38.68,20418.94,9.41,15.26,4.96,242.65,12.32,0.19,29.50,1.74,2024-05-27
Titan Company,3428.00,87.00,304333.08,0.29,771.00,5.62,12494.00,20.60,22.70,32.40,39.38,32.91,1.65,24.07,4.30,2024-05-27
Tech Mahindra,1333.70,55.25,130292.52,2.40,664.20,-40.86,12871.30,-6.17,11.89,4.91,24.14,8.64,0.10,29.93,-4.92,2024-05-27
Tata Steel,175.80,113.47,219460.40,2.04,522.14,139.90,55311.88,-3.10,12.63,2.44,-2.74,7.28,1.01,18.91,42.34,2024-05-27
Tata Motors,962.65,10.91,352954.76,0.21,17528.59,213.80,119986.31,13.27,20.11,3.77,94.47,49.44,1.26,28.89,0.12,2024-05-27
Tata Consumer,1097.70,76.06,104592.69,0.71,212.26,24.51,3926.94,8.52,10.86,6.52,12.07,8.50,0.22,30.55,2.77,2024-05-27
St Bk of India,835.50,10.28,745651.33,1.63,22202.73,18.18,117469.38,19.77,6.68,2.08,75.17,20.12,13.90,9.46,0.10,2024-05-27
Shriram Finance,2408.85,12.27,90522.85,1.46,2021.28,56.30,9904.30,24.33,11.23,1.82,196.02,15.93,3.99,20.58,0.52,2024-05-27
SBI Life Insuran,1438.75,76.10,144085.79,0.19,810.80,4.37,36255.19,70.25,14.88,9.68,18.91,13.56,0.00,42.65,8.81,2024-05-27
Reliance Industr,2949.75,28.66,1995709.31,0.30,21243.00,-1.34,236533.00,11.13,10.02,2.52,102.90,9.23,0.44,8.18,2.40,2024-05-27
Power Grid Corpn,320.25,19.07,297851.79,3.47,4166.33,-3.62,11978.11,-2.33,12.98,3.41,16.74,18.30,1.42,30.91,2.49,2024-05-27
Nestle India,2470.30,74.73,238175.74,0.68,934.17,25.79,5267.59,9.05,152.52,71.32,33.15,122.11,0.10,59.09,5.61,2024-05-27
NTPC,369.90,17.22,358679.69,1.96,6490.05,26.91,47622.06,7.61,10.37,2.23,21.46,13.53,1.48,30.91,2.57,2024-05-27
Maruti Suzuki,12962.25,30.16,407536.39,0.69,3952.30,47.05,38471.20,19.43,23.68,4.72,429.01,18.30,0.00,30.42,1.70,2024-05-27
M & M,2574.45,28.42,320140.33,0.63,3124.94,5.37,35451.73,9.23,13.66,4.86,90.62,18.39,1.61,30.42,1.69,2024-05-27
Larsen & Toubro,3676.20,38.92,505387.17,0.77,5013.17,8.72,67078.68,14.99,13.40,5.82,95.00,14.80,1.35,38.30,4.67,2024-05-27
LTIMindtree,4886.55,31.61,144721.71,1.25,1100.70,-1.24,8892.90,2.32,32.11,7.20,154.72,25.03,0.10,29.93,1.28,2024-05-27
Kotak Mah. Bank,1718.70,18.73,341663.96,0.09,5337.20,16.88,15156.18,26.50,8.75,3.05,91.62,16.29,3.75,12.54,0.92,2024-05-27
JSW Steel,909.55,26.42,222426.27,0.37,1322.00,-64.55,46269.00,-1.48,13.24,2.86,36.03,11.75,1.13,18.91,11.44,2024-05-27
Infosys,1475.60,23.55,612502.05,2.57,7975.00,30.04,37923.00,1.29,39.99,6.95,63.20,31.83,0.09,29.93,2.10,2024-05-27
IndusInd Bank,1469.85,12.76,114418.87,1.14,2346.84,15.01,12198.53,21.73,8.42,2.08,114.99,16.39,7.06,12.54,0.58,2024-05-27
ITC,436.55,26.62,545020.50,2.92,5190.71,0.02,17922.70,1.63,37.46,7.36,16.39,28.49,0.00,25.59,2.64,2024-05-27
ICICI Bank,1142.50,18.07,803142.23,0.71,12200.05,18.46,42606.72,23.72,8.37,3.69,63.02,20.63,6.53,12.54,0.30,2024-05-27
Hind. Unilever,2393.90,54.83,562468.66,1.76,2561.00,-1.59,15210.00,-0.03,27.24,11.02,43.74,20.24,0.03,56.27,5.17,2024-05-27
Hindalco Inds.,677.00,14.97,152136.52,0.44,3174.00,31.65,55994.00,0.25,11.24,1.44,45.19,10.09,0.53,23.47,1.04,2024-05-27
Hero Motocorp,5082.05,26.29,101606.00,1.99,943.46,16.13,9616.68,14.02,29.77,5.74,187.31,22.47,0.03,63.07,9.16,2024-05-27
HDFC Life Insur.,567.55,77.55,122076.76,0.35,411.64,13.72,28041.28,34.44,6.61,8.30,7.32,11.38,0.06,42.65,13.10,2024-05-27
HDFC Bank,1539.15,18.18,1169278.55,1.29,18012.87,39.92,79433.61,67.06,9.50,2.94,84.33,22.13,7.39,12.54,0.77,2024-05-27
HCL Technologies,1353.25,23.43,367226.75,3.85,3995.00,0.13,28499.00,7.11,29.84,5.37,57.86,23.49,0.08,29.93,2.48,2024-05-27
Grasim Inds,2396.00,27.33,160186.31,0.41,2721.81,14.57,37727.13,12.75,9.38,1.83,85.42,7.00,1.55,27.12,1.49,2024-05-27
Eicher Motors,4804.90,32.87,131560.87,0.76,1070.45,18.21,4256.04,11.87,31.13,7.34,146.13,24.22,0.02,63.07,2.59,2024-05-27
Dr Reddy's Labs,5848.90,17.46,97570.31,0.68,1309.80,36.42,7113.80,12.65,26.86,3.43,334.37,21.64,0.07,35.65,0.71,2024-05-27
Divi's Lab.,4290.30,71.20,113894.04,0.72,538.00,67.60,2303.00,18.04,16.44,8.37,60.27,12.15,0.00,33.38,20.88,2024-05-27
Coal India,495.95,8.17,305640.45,4.94,8640.45,25.78,37410.39,-1.94,65.11,3.69,60.69,53.39,0.08,20.05,0.50,2024-05-27
Cipla,1481.85,28.10,119643.81,0.57,931.87,48.80,6163.24,7.39,23.08,4.46,51.05,16.99,0.02,35.65,1.11,2024-05-27
Britannia Inds.,5200.00,58.65,125251.54,1.37,536.61,-3.76,4069.36,1.15,48.92,31.82,88.84,57.15,0.52,59.09,4.48,2024-05-27
Bharti Airtel,1395.15,69.77,830595.13,0.29,2068.20,29.63,37599.10,4.42,13.13,9.61,13.20,14.93,2.63,49.78,0.57,2024-05-27
B P C L,655.30,5.15,142151.18,3.18,4789.57,-36.39,116554.73,-1.32,32.09,1.91,123.82,41.90,0.72,8.18,0.18,2024-05-27
Bajaj Finserv,1605.00,31.38,256075.95,0.06,4084.93,19.76,32040.84,35.62,11.65,4.28,51.07,15.27,4.79,20.58,1.54,2024-05-27
Bajaj Finance,6936.85,29.72,429388.44,0.53,3824.53,21.11,14926.21,31.35,11.87,5.63,233.46,22.05,3.82,20.58,1.01,2024-05-27
Bajaj Auto,9040.45,32.74,252391.03,0.89,2011.43,17.99,11554.95,29.41,33.47,8.68,276.10,26.43,0.07,121.99,3.08,2024-05-27
Axis Bank,1192.45,13.89,368162.05,0.09,7630.07,53.87,30230.58,22.74,7.53,2.76,85.49,20.33,8.88,12.54,0.35,2024-05-27
Asian Paints,2888.05,50.76,277021.15,1.17,1275.30,0.38,8730.76,-0.64,37.51,14.80,56.92,31.45,0.13,43.45,2.47,2024-05-27
Apollo Hospitals,5948.95,108.51,85536.74,0.25,254.40,59.80,4850.60,13.77,14.50,13.15,54.89,13.71,0.75,41.81,1.62,2024-05-27
Adani Ports,1435.70,36.90,310131.11,0.40,2014.77,2.53,6896.50,18.97,12.92,5.89,37.55,17.09,0.93,36.40,2.34,2024-05-27
Adani Enterp.,3325.05,102.32,379056.09,0.04,352.25,-41.62,29180.02,0.82,10.17,9.65,28.43,10.27,1.67,35.88,2.31,2024-05-27
TCS,3882.00,29.99,1404541.55,1.43,12502.00,9.15,61237.00,3.51,64.28,15.57,126.88,51.51,0.09,29.93,3.65,2024-05-27
Sun Pharma.Inds.,1479.90,35.44,355077.60,0.77,2658.74,28.70,11982.90,9.63,17.31,5.60,39.91,16.72,0.05,35.65,1.51,2024-05-27
O N G C,277.85,6.99,349543.07,4.10,11526.53,28.88,166770.63,1.65,18.44,1.06,39.13,16.28,0.45,19.67,0.71,2024-05-27
Wipro,454.35,21.49,237537.49,0.22,2858.20,-7.80,22208.30,-4.23,17.15,3.18,21.14,14.51,0.22,29.93,5.15,2024-05-27
UltraTech Cem.,10264.45,41.98,296331.93,0.36,2258.58,38.68,20418.94,9.41,15.26,4.96,242.65,12.32,0.19,29.50,1.74,2024-05-27
Titan Company,3426.60,86.96,304208.79,0.29,771.00,5.62,12494.00,20.60,22.70,32.39,39.38,32.91,1.65,24.07,4.30,2024-05-27
Tech Mahindra,1335.00,55.30,130419.52,2.40,664.20,-40.86,12871.30,-6.17,11.89,4.91,24.14,8.64,0.10,29.93,-4.92,2024-05-27
Tata Steel,175.90,113.53,219585.24,2.04,522.14,139.90,55311.88,-3.10,12.63,2.44,-2.74,7.28,1.01,18.91,42.36,2024-05-27
Tata Motors,962.30,10.91,352826.43,0.21,17528.59,213.80,119986.31,13.27,20.11,3.77,94.47,49.44,1.26,28.89,0.12,2024-05-27
Tata Consumer,1097.90,76.07,104611.75,0.71,212.26,24.51,3926.94,8.52,10.86,6.52,12.07,8.50,0.22,30.55,2.77,2024-05-27
St Bk of India,835.55,10.28,745695.95,1.63,22202.73,18.18,117469.38,19.77,6.68,2.08,75.17,20.12,13.90,9.46,0.10,2024-05-27
Shriram Finance,2410.00,12.28,90566.07,1.46,2021.28,56.30,9904.30,24.33,11.23,1.82,196.02,15.93,3.99,20.58,0.53,2024-05-27
SBI Life Insuran,1437.20,76.02,143930.56,0.19,810.80,4.37,36255.19,70.25,14.88,9.67,18.91,13.56,0.00,42.65,8.80,2024-05-27
Reliance Industr,2945.80,28.62,1993036.86,0.30,21243.00,-1.34,236533.00,11.13,10.02,2.52,102.90,9.23,0.44,8.18,2.40,2024-05-27
Power Grid Corpn,320.50,19.09,298084.31,3.47,4166.33,-3.62,11978.11,-2.33,12.98,3.41,16.74,18.30,1.42,30.91,2.49,2024-05-27
Nestle India,2470.30,74.73,238175.74,0.68,934.17,25.79,5267.59,9.05,152.52,71.32,33.15,122.11,0.10,59.09,5.61,2024-05-27
NTPC,370.15,17.23,358922.11,1.96,6490.05,26.91,47622.06,7.61,10.37,2.23,21.46,13.53,1.48,30.91,2.57,2024-05-27
Maruti Suzuki,12962.45,30.16,407542.68,0.69,3952.30,47.05,38471.20,19.43,23.68,4.72,429.01,18.30,0.00,30.42,1.70,2024-05-27
M & M,2577.05,28.45,320463.65,0.63,3124.94,5.37,35451.73,9.23,13.66,4.86,90.62,18.39,1.61,30.42,1.69,2024-05-27
Larsen & Toubro,3675.00,38.91,505222.20,0.77,5013.17,8.72,67078.68,14.99,13.40,5.82,95.00,14.80,1.35,38.30,4.67,2024-05-27
LTIMindtree,4886.95,31.61,144733.56,1.25,1100.70,-1.24,8892.90,2.32,32.11,7.20,154.72,25.03,0.10,29.93,1.28,2024-05-27
Kotak Mah. Bank,1718.35,18.73,341594.38,0.09,5337.20,16.88,15156.18,26.50,8.75,3.05,91.62,16.29,3.75,12.54,0.92,2024-05-27
JSW Steel,909.60,26.42,222438.50,0.37,1322.00,-64.55,46269.00,-1.48,13.24,2.86,36.03,11.75,1.13,18.91,11.44,2024-05-27
Infosys,1474.85,23.54,612190.74,2.57,7975.00,30.04,37923.00,1.29,39.99,6.95,63.20,31.83,0.09,29.93,2.09,2024-05-27
IndusInd Bank,1469.25,12.76,114372.17,1.14,2346.84,15.01,12198.53,21.73,8.42,2.08,114.99,16.39,7.06,12.54,0.58,2024-05-27
ITC,436.65,26.63,545145.35,2.92,5190.71,0.02,17922.70,1.63,37.46,7.36,16.39,28.49,0.00,25.59,2.64,2024-05-27
ICICI Bank,1142.45,18.07,803107.08,0.71,12200.05,18.46,42606.72,23.72,8.37,3.69,63.02,20.63,6.53,12.54,0.30,2024-05-27
Hind. Unilever,2394.25,54.84,562550.90,1.76,2561.00,-1.59,15210.00,-0.03,27.24,11.02,43.74,20.24,0.03,56.27,5.17,2024-05-27
Hindalco Inds.,677.00,14.97,152136.52,0.44,3174.00,31.65,55994.00,0.25,11.24,1.44,45.19,10.09,0.53,23.47,1.04,2024-05-27
Hero Motocorp,5082.05,26.29,101606.00,1.99,943.46,16.13,9616.68,14.02,29.77,5.74,187.31,22.47,0.03,63.07,9.16,2024-05-27
HDFC Life Insur.,567.40,77.53,122044.50,0.35,411.64,13.72,28041.28,34.44,6.61,8.29,7.32,11.38,0.06,42.65,13.10,2024-05-27
HDFC Bank,1539.55,18.19,1169582.43,1.29,18012.87,39.92,79433.61,67.06,9.50,2.94,84.33,22.13,7.39,12.54,0.77,2024-05-27
HCL Technologies,1352.70,23.42,367077.49,3.85,3995.00,0.13,28499.00,7.11,29.84,5.36,57.86,23.49,0.08,29.93,2.48,2024-05-27
Grasim Inds,2395.50,27.33,160152.88,0.41,2721.81,14.57,37727.13,12.75,9.38,1.83,85.42,7.00,1.55,27.12,1.49,2024-05-27
Eicher Motors,4809.20,32.90,131678.61,0.76,1070.45,18.21,4256.04,11.87,31.13,7.35,146.13,24.22,0.02,63.07,2.60,2024-05-27
Dr Reddy's Labs,5850.80,17.46,97602.00,0.68,1309.80,36.42,7113.80,12.65,26.86,3.43,334.37,21.64,0.07,35.65,0.71,2024-05-27
Divi's Lab.,4291.00,71.21,113912.62,0.72,538.00,67.60,2303.00,18.04,16.44,8.37,60.27,12.15,0.00,33.38,20.88,2024-05-27
Coal India,496.55,8.18,306010.21,4.93,8640.45,25.78,37410.39,-1.94,65.11,3.69,60.69,53.39,0.08,20.05,0.50,2024-05-27
Cipla,1481.80,28.10,119639.77,0.57,931.87,48.80,6163.24,7.39,23.08,4.46,51.05,16.99,0.02,35.65,1.11,2024-05-27
Britannia Inds.,5197.60,58.62,125193.73,1.37,536.61,-3.76,4069.36,1.15,48.92,31.81,88.84,57.15,0.52,59.09,4.48,2024-05-27
Bharti Airtel,1395.65,69.79,830892.80,0.29,2068.20,29.63,37599.10,4.42,13.13,9.61,13.20,14.93,2.63,49.78,0.57,2024-05-27
B P C L,655.50,5.15,142194.56,3.18,4789.57,-36.39,116554.73,-1.32,32.09,1.91,123.82,41.90,0.72,8.18,0.18,2024-05-27
Bajaj Finserv,1605.25,31.39,256115.84,0.06,4084.93,19.76,32040.84,35.62,11.65,4.28,51.07,15.27,4.79,20.58,1.54,2024-05-27
Bajaj Finance,6931.40,29.70,429051.09,0.53,3824.53,21.11,14926.21,31.35,11.87,5.62,233.46,22.05,3.82,20.58,1.01,2024-05-27
Bajaj Auto,9039.95,32.74,252377.07,0.89,2011.43,17.99,11554.95,29.41,33.47,8.68,276.10,26.43,0.07,121.99,3.08,2024-05-27
Axis Bank,1191.70,13.88,367930.49,0.09,7630.07,53.87,30230.58,22.74,7.53,2.76,85.49,20.33,8.88,12.54,0.35,2024-05-27
Asian Paints,2885.00,50.71,276728.60,1.17,1275.30,0.38,8730.76,-0.64,37.51,14.79,56.92,31.45,0.13,43.45,2.47,2024-05-27
Apollo Hospitals,5948.90,108.51,85536.02,0.25,254.40,59.80,4850.60,13.77,14.50,13.15,54.89,13.71,0.75,41.81,1.62,2024-05-27
Adani Ports,1434.30,36.86,309828.69,0.40,2014.77,2.53,6896.50,18.97,12.92,5.89,37.55,17.09,0.93,36.40,2.34,2024-05-27
Adani Enterp.,3321.00,102.20,378594.39,0.04,352.25,-41.62,29180.02,0.82,10.17,9.63,28.43,10.27,1.67,35.88,2.31,2024-05-27
TCS,3883.00,30.00,1404903.36,1.43,12502.00,9.15,61237.00,3.51,64.28,15.57,126.88,51.51,0.09,29.93,3.65,2024-05-27
